"nome","cognome","email","data_di_nascita","avatar"
"Desmond","Hyatt","Fanny_Fisher@hotmail.com","1984-02-25T16:16:20.329Z","https://avatars.githubusercontent.com/u/99401155"
"Rafael","Gottlieb","Ubaldo77@hotmail.com","1968-03-12T09:17:13.970Z","https://avatars.githubusercontent.com/u/13867296"
"Tom","Feest","Estevan49@yahoo.com","1976-10-03T06:35:58.691Z","https://avatars.githubusercontent.com/u/78374564"
"Alberto","Gislason","Vicenta_Kessler@yahoo.com","1992-06-10T06:34:58.398Z","https://avatars.githubusercontent.com/u/88073662"
"Yessenia","Fadel","Zaria_Cormier-Davis@gmail.com","1968-01-27T08:44:58.335Z","https://avatars.githubusercontent.com/u/16369406"
"Sylvan","Stracke","Anthony81@gmail.com","1956-11-15T20:27:43.128Z","https://avatars.githubusercontent.com/u/64829943"
"Shanna","Turcotte","Magnolia.Baumbach85@yahoo.com","1987-03-21T10:16:45.750Z","https://avatars.githubusercontent.com/u/30438449"
"Wava","Carter","Marlen.Hudson85@gmail.com","1973-01-26T19:46:18.531Z","https://avatars.githubusercontent.com/u/72318212"
"Sarai","Heidenreich","Mariam75@hotmail.com","1981-05-12T11:12:53.594Z","https://avatars.githubusercontent.com/u/67639686"
"Barry","Cartwright","Lou_Hettinger@hotmail.com","1964-02-05T09:11:53.245Z","https://avatars.githubusercontent.com/u/78457628"
"Antonia","Homenick","Price89@yahoo.com","2005-03-23T22:52:38.459Z","https://avatars.githubusercontent.com/u/59251600"
"Laney","Wiegand","Elenor_Farrell63@yahoo.com","1979-05-22T11:01:51.116Z","https://avatars.githubusercontent.com/u/94116127"
"Branson","Bergstrom","Jalen5@yahoo.com","1973-04-25T00:18:42.325Z","https://avatars.githubusercontent.com/u/4807358"
"Elsie","Dach","Paula46@yahoo.com","1957-12-08T03:13:33.529Z","https://avatars.githubusercontent.com/u/83789001"
"Michaela","Beatty","Nat94@gmail.com","1957-12-28T22:32:31.522Z","https://avatars.githubusercontent.com/u/72831707"
"Alta","Herzog","Lorenzo_West7@hotmail.com","1984-06-12T01:04:09.383Z","https://avatars.githubusercontent.com/u/56669869"
"Gavin","Greenfelder","Dimitri_Hahn@yahoo.com","1986-08-03T07:45:46.838Z","https://avatars.githubusercontent.com/u/37364184"
"Gregory","Jerde","Ernesto.Bins37@yahoo.com","1993-03-19T04:12:18.072Z","https://avatars.githubusercontent.com/u/49738786"
"Jillian","Schuppe","Ted75@gmail.com","1999-11-08T11:01:41.164Z","https://avatars.githubusercontent.com/u/48542805"
"Talia","Batz","Jacey.Hodkiewicz@yahoo.com","1996-12-31T23:35:43.449Z","https://avatars.githubusercontent.com/u/4023084"
"Mckenna","Rempel","Ona_Considine-Robel@gmail.com","1948-05-30T08:32:47.015Z","https://avatars.githubusercontent.com/u/9690394"
"Elena","Grimes","Bo58@yahoo.com","1972-07-03T09:10:34.869Z","https://avatars.githubusercontent.com/u/72848721"
"Rex","Walker","Lester_Lesch78@yahoo.com","1992-01-10T11:07:52.160Z","https://avatars.githubusercontent.com/u/95618092"
"Emmitt","Connelly","Vern.Mueller@yahoo.com","1953-10-23T12:25:29.659Z","https://avatars.githubusercontent.com/u/95324881"
"Sam","Little","Rodger.Parisian96@yahoo.com","1945-05-10T11:08:46.681Z","https://avatars.githubusercontent.com/u/85837803"
"Jaeden","Wuckert","Rowan_Welch@gmail.com","1998-01-16T15:30:34.212Z","https://avatars.githubusercontent.com/u/13654540"
"Alvah","Stoltenberg","Reynold.Beahan53@hotmail.com","1985-05-02T13:34:52.829Z","https://avatars.githubusercontent.com/u/54608941"
"Mariela","Lueilwitz","Amina.Connelly@yahoo.com","1980-12-30T16:57:04.092Z","https://avatars.githubusercontent.com/u/47540486"
"Estella","Gulgowski","Missouri95@hotmail.com","2001-11-27T11:27:22.882Z","https://avatars.githubusercontent.com/u/41400348"
"Melba","Blick","Eusebio65@hotmail.com","1966-02-16T05:46:16.430Z","https://avatars.githubusercontent.com/u/19990506"
"Jacinthe","O'Reilly","Marcia86@gmail.com","2005-08-15T09:40:18.522Z","https://avatars.githubusercontent.com/u/42702245"
"Albert","Nienow","Vernie_Larson79@yahoo.com","1992-09-18T02:00:09.390Z","https://avatars.githubusercontent.com/u/30181600"
"Daphne","O'Keefe","Kaci36@gmail.com","1996-07-13T15:57:57.138Z","https://avatars.githubusercontent.com/u/4496584"
"Ethelyn","Hamill","Rogelio_Wehner@yahoo.com","1946-01-23T02:20:16.842Z","https://avatars.githubusercontent.com/u/41015872"
"Noemi","Willms","Gilberto.Jacobson11@gmail.com","1995-03-28T23:18:53.325Z","https://avatars.githubusercontent.com/u/68455225"
"Nikko","Mitchell","Dannie67@gmail.com","1992-01-01T08:12:18.610Z","https://avatars.githubusercontent.com/u/46760416"
"Retha","Yost","Mafalda.Kihn@hotmail.com","1978-12-30T20:22:20.051Z","https://avatars.githubusercontent.com/u/37712623"
"Breanna","Greenfelder","Yvonne_Hilpert@gmail.com","1971-12-13T06:48:09.081Z","https://avatars.githubusercontent.com/u/89748422"
"Ward","Ebert","Evert_Howell@gmail.com","1962-10-13T15:55:57.945Z","https://avatars.githubusercontent.com/u/39225306"
"Alfred","White","Nels52@hotmail.com","1944-03-14T21:51:41.633Z","https://avatars.githubusercontent.com/u/6392716"
"Norbert","Effertz","Queenie.Wisoky@yahoo.com","1998-03-12T15:40:28.917Z","https://avatars.githubusercontent.com/u/98537296"
"Angel","Mraz","Nasir.Franey@gmail.com","1972-03-30T09:14:01.952Z","https://avatars.githubusercontent.com/u/62604712"
"Idell","Toy","Jamarcus.Koelpin0@hotmail.com","1957-04-04T21:25:07.472Z","https://avatars.githubusercontent.com/u/99470562"
"Bettie","Lindgren","Walter.Paucek8@hotmail.com","1944-04-23T19:08:22.358Z","https://avatars.githubusercontent.com/u/56314537"
"Reynold","Jones","Nico_Bernhard@hotmail.com","1953-01-01T13:12:50.347Z","https://avatars.githubusercontent.com/u/64685025"
"Rosanna","Bednar","Kristin_Hagenes92@hotmail.com","2005-10-12T03:16:49.591Z","https://avatars.githubusercontent.com/u/36771627"
"Rogers","Swaniawski","Shayne_Cartwright@yahoo.com","1956-08-02T12:03:10.174Z","https://avatars.githubusercontent.com/u/51457518"
"Elva","Stroman","Ellsworth90@yahoo.com","1957-03-13T18:48:16.947Z","https://avatars.githubusercontent.com/u/63980636"
"Gregory","Pfeffer","Imani.Deckow77@gmail.com","1951-02-03T04:39:40.455Z","https://avatars.githubusercontent.com/u/60772373"
"Augustine","West","Kaia13@hotmail.com","1960-06-11T03:30:26.282Z","https://avatars.githubusercontent.com/u/40088368"