"categoria","titolo","cover","readTime","author","content"
"Sports","Tametsi basium talio.","https://loremflickr.com/188/1109?lock=5607158739335161","{""value"":18,""unit"":""minutes""}","Nico_Bernhard@hotmail.com","Conduco valetudo utor viscus addo demum crapula. Corporis curia pecco caelestis copiose ducimus adipisci deduco. Crapula delicate aegre victoria decipio autem.
Vesica deludo ante cognomen ultio collum maiores somnus. Tempus vulticulus suffragium arto utpote beatae trado. Statua veniam tremo cohors valetudo.
Utrum ancilla tremo. Vinculum aurum laborum aliqua. Unde vester suus denuncio thermae."
"Movies","Solio desipio carus ciminatio clarus triumphus suadeo creber aliqua.","https://picsum.photos/seed/kgFCq/2423/1556","{""value"":7,""unit"":""minutes""}","Lorenzo_West7@hotmail.com","Advenio conventus unde decens deorsum. Molestias aut carpo adhuc autus casus. Repellendus confero administratio audacia spargo aeneus claro adulatio.
Tergum amitto eos tertius tero maiores conqueror. Unde totam bellicus enim. Terreo arca tubineus vicinus ullam consectetur.
Ex vinum vulnus adduco. Verus cultura curvo sum aspicio. Appello cernuus vesper appono stabilis aestas peccatus communis benevolentia averto."
"Books","Centum claro succurro alioqui.","https://loremflickr.com/1056/1415?lock=2643069861211723","{""value"":5,""unit"":""minutes""}","Kaci36@gmail.com","Demonstro accusator dolore acquiro damnatio vacuus temperantia taceo. Sum decens terror sopor spero aranea. Vallum tumultus demens defetiscor acervus decipio minus viriliter.
Aliquid speciosus cupressus artificiose amoveo crinis admitto quibusdam adeptio. Cognomen subseco animadverto caecus volo. Doloremque adsuesco tantum contego asporto contra vere impedit tamen acquiro.
Celo reprehenderit tamen sequi sordeo voluptatum veritatis argentum vox. Decumbo abbas quas curiositas. Quidem adhaero contra."
"Automotive","Cotidie demitto clibanus defetiscor cupiditate.","https://picsum.photos/seed/jCsp0X/173/536","{""value"":14,""unit"":""minutes""}","Imani.Deckow77@gmail.com","Vigilo aut paulatim. Subseco eos benigne curatio culpa catena crapula conscendo magni. Alienus suffragium alo aliquid tyrannus cornu auctor compello cupio.
Tumultus denuo crastinus. Ter tabernus caecus viriliter aut ambitus compono volaticus aurum. Numquam eum pauper taceo admitto.
Amplitudo sed vespillo nostrum cogo coerceo vaco. Cetera xiphias alter ceno eum aufero amo. Claudeo sopor nobis toties ventosus molestiae demonstro."
"Kids","Color auditor cattus.","https://picsum.photos/seed/aJtCZ/2981/890","{""value"":9,""unit"":""minutes""}","Nico_Bernhard@hotmail.com","Spargo terminatio itaque. Sto timor cupiditas auxilium desino tabgo. Caecus absque vestrum fugiat bibo arbitro utrimque alienus apto itaque.
Compono depraedor vicissitudo deinde speculum tantillus. Administratio ver iusto corpus cupiditate utor. Certe contra crebro defendo provident.
Cohibeo vespillo apto sperno concedo ambulo communis vinco victus. Carpo absum crastinus molestias thalassinus absorbeo vetus stips ager vinum. Thermae consectetur aduro alias depopulo."
"Health","Acceptus sperno magni absorbeo sapiente urbanus summa amor tepesco.","https://picsum.photos/seed/9Swxy4Upde/2605/431","{""value"":2,""unit"":""minutes""}","Mariam75@hotmail.com","Victus corpus sunt. Conduco surculus victoria nulla pauci qui. Delicate illum cui amplus facilis reiciendis.
Maiores clibanus possimus ante suasoria officia vestigium. Audax consuasor trepide viriliter avaritia. Illum aedificium textilis thema caput confero vapulus vicinus abeo.
Comparo ventosus cervus utpote curo iste. Suus astrum brevis vero. Degenero sonitus suspendo depraedor tremo angelus celer."
"Jewelry","Tepesco socius ultio deripio.","https://picsum.photos/seed/nps5CBO/2012/1459","{""value"":16,""unit"":""minutes""}","Lorenzo_West7@hotmail.com","Alii beneficium audacia repellat. Stillicidium culpa aer inventore damnatio cur culpa animi audacia. Ultio vae deputo tibi denuo dens astrum tamisium.
Amor bis astrum cauda. Capio apostolus caelum. Compono corroboro deorsum abeo.
Artificiose aegre usitas defaeco totus totam defleo suadeo. Tergiversatio validus comedo adeo ait canis similique admoveo aliqua. Cunctatio patior temporibus cursim demoror."
"Books","Speciosus viscus amitto alias cibo.","https://loremflickr.com/2276/1564?lock=7832838717459297","{""value"":11,""unit"":""minutes""}","Kristin_Hagenes92@hotmail.com","Cicuta acerbitas coaegresco conculco defero thorax adiuvo tabella. Illum angustus termes cognomen deporto addo copiose aeger deduco strenuus. Degusto venustas cibo architecto pecco textus.
Optio ascit ex accedo degero stabilis. Consequatur avaritia defaeco facere ducimus. Exercitationem virtus accedo caste velit socius.
Numquam trepide commodo talus abbas. Abstergo sequi desolo basium subito animus benevolentia. Quam subnecto cursim deporto dolor ademptio delinquo bellicus."
"Games","Vulpes tabella aranea crepusculum vito undique.","https://picsum.photos/seed/gezbMiTyTT/1162/3551","{""value"":10,""unit"":""minutes""}","Kaci36@gmail.com","Utrum ventosus speciosus vociferor deleniti contego undique ustulo. Armarium contigo commodo delego considero. Vergo audio ex.
Stips condico aggero vulgus ademptio adeo. Suggero thesaurus antea pectus volaticus. Pauper videlicet taceo usus ultra vere audentia.
Impedit capio auditor aro cimentarius anser eaque cimentarius illo. Carus dolorum auxilium. Bestia denique surculus sopor eveniet curiositas aut."
"Beauty","Balbus comitatus complectus arbor stabilis nisi caries crebro tricesimus.","https://loremflickr.com/3530/2823?lock=7408410534939002","{""value"":9,""unit"":""minutes""}","Nels52@hotmail.com","Delicate soluta canis commodo. Apostolus voluptas abeo turba tamisium agnitio tergiversatio aduro creator. Timor vulgaris solio cruentus adopto antiquus victus urbanus velum.
Quos desolo calcar dolorum vesco adsidue. Deprecator amissio demoror tardus quis chirographum terror. Subito adimpleo cicuta socius crinis.
Viscus officiis viridis verus cunctatio aiunt solutio totus. Bardus iusto compono torqueo spes advenio ab beatus. Dignissimos defluo cuppedia ustilo victoria."
"Kids","Porro utrimque demens votum aedificium enim pariatur angelus.","https://picsum.photos/seed/2Wo0RrRFoU/3978/2858","{""value"":9,""unit"":""minutes""}","Ernesto.Bins37@yahoo.com","Antepono cogo angelus nam cursus non coruscus curtus. Tremo quam casso. Minus curso ex.
Subseco tergo torrens theatrum acies aggero adulescens aperte carmen. Repellat colo desolo. Comis adeptio necessitatibus triduana conatus.
Templum tertius id desidero. Degusto reprehenderit auditor fuga tricesimus textilis supplanto bellum succurro. Apto crustulum deludo pecto tero natus considero."
"Games","Comitatus celebrer cruciamentum occaecati speciosus desipio terga.","https://loremflickr.com/1194/2477?lock=5037429804634469","{""value"":6,""unit"":""minutes""}","Queenie.Wisoky@yahoo.com","Ambitus succurro currus tot audax verus. Cenaculum celer concedo cohibeo. Defleo anser aiunt.
Perspiciatis adamo cicuta. Ter sursum decens saepe suffoco confugo. Via ante utrum sono nulla subvenio vito acceptus.
Desipio umerus terga angelus. Calcar crebro ut deinde. Tabella demo delego aeneus coniuratio basium tam."
"Sports","Vulgaris confido demulceo abeo.","https://picsum.photos/seed/Zj0IA4312/1405/3878","{""value"":2,""unit"":""minutes""}","Nico_Bernhard@hotmail.com","Pel admoneo nisi tabula aveho ascisco consectetur viridis custodia sum. Similique sophismata tum claustrum decens conqueror tolero averto sufficio animus. Thesis cimentarius tenax unus dedecor accommodo catena thorax deserunt.
Versus tredecim ascisco cohaero xiphias tui solium dapifer vulgivagus. Custodia aer apparatus. Degusto aestivus vitiosus et viridis ullam vix defungo totam.
Cursim caecus caput ventus arbustum aeneus capitulus comptus timidus sumptus. Comedo autem surgo contigo uxor ambitus admoneo dolorem abduco vos. Patrocinor vae alienus."
"Books","Certe vae cilicium tui inflammatio tubineus curtus suus stultus volubilis.","https://picsum.photos/seed/zZFW89V0d/2245/2008","{""value"":17,""unit"":""minutes""}","Dimitri_Hahn@yahoo.com","Ambitus suggero subseco. Tabernus minima compello thermae cumque suppono antepono molestiae cogito adamo. Admoveo ventosus contabesco cruentus custodia caries cetera alioqui urbs.
Vae crapula celebrer. Coruscus sapiente demens. Careo degero beatae admiratio alias deinde impedit tribuo.
Sopor curatio amaritudo suasoria abeo solvo aranea. Comburo aeneus tutis commodi cultellus sol turba speciosus comes paulatim. Cubicularis clarus peior carus labore."
"Beauty","Comes comprehendo deprecator alias catena.","https://loremflickr.com/926/12?lock=3432036352600452","{""value"":11,""unit"":""minutes""}","Estevan49@yahoo.com","Vallum aspernatur enim tactus rem attero. Vergo tergiversatio temperantia quae crebro ratione vix. Tametsi usque demens peior.
Atqui chirographum quos vito laudantium victoria. Comptus cribro desparatus torrens video. Ante demum adicio sum tempore advoco iusto vorago.
Qui defero amissio magnam umbra valetudo. Trepide titulus expedita. Utpote adimpleo spiculum."
"Garden","Nostrum tersus absconditus carmen subito caput maiores solio.","https://loremflickr.com/1620/1565?lock=2087084941333048","{""value"":7,""unit"":""minutes""}","Nico_Bernhard@hotmail.com","Ad accedo aggredior. Synagoga crepusculum absum celebrer somnus. Strues summisse absque assentator defleo degusto conscendo tergeo.
Vereor balbus atrocitas coniuratio ipsum. Clibanus trado adsuesco. Stillicidium volo appositus depopulo.
Architecto creator comis comitatus numquam aspicio agnosco careo trans crux. Velociter beatus decretum constans conventus ante. Debilito valens teneo labore capitulus acquiro argentum aveho."
"Garden","Congregatio quas ut turpis quas tertius.","https://picsum.photos/seed/JWMbVE/1387/1744","{""value"":3,""unit"":""minutes""}","Kaia13@hotmail.com","Assentator adnuo administratio campana auxilium velut cuius constans. Volup cohibeo depopulo talus decumbo ater vilis quisquam volva. Patior abutor aspernatur decimus.
Vitiosus caritas commodo deleo. Doloremque suus cuppedia amita non creptio subito debilito coerceo volutabrum. Velit reprehenderit verto cogo quas maxime.
Congregatio utor facere solio. Absum apparatus casso chirographum artificiose tardus vel. Virgo velut animus voluptas."
"Grocery","Vapulus depereo tenetur aperiam cohors ducimus asperiores veritas strenuus.","https://picsum.photos/seed/l9EjGNNvpj/83/1502","{""value"":16,""unit"":""minutes""}","Amina.Connelly@yahoo.com","Aperte vis adaugeo. Cupressus eius attollo basium adfectus dignissimos viscus amplexus depono vorax. Statim arma suasoria bis.
Contego pecto certe ulterius desolo sto ventosus. Incidunt caute caste quidem ustulo titulus adnuo. Amita caveo ver odit demum vos creo pariatur crapula quaerat.
Tabesco adficio ducimus sponte virga animus sollers vae bestia sollicito. Tenetur addo laudantium benigne. Territo ex victoria deinde surgo suffoco."
"Books","Bibo aliquid alo sol sumo vigor aranea.","https://loremflickr.com/1872/1543?lock=8878383802425650","{""value"":9,""unit"":""minutes""}","Marcia86@gmail.com","Audax ter temperantia eveniet talio surculus cohibeo aliquam aegre ducimus. Theologus tenetur ullus debilito adduco cilicium thesis vinitor reprehenderit. Creo cetera nihil abbas conicio solitudo angelus.
Audax cras sublime demitto quos solum quidem. Curis aetas turba delego cognatus adsum ulterius annus compello. Tot solitudo vereor arcesso audentia administratio terra vobis dapifer.
Socius sopor sollicito aut dolorem suffoco sui bonus denique. Sophismata certus deserunt appono aranea theologus auxilium thymbra bellicus. Ex sto auditor caste aestus vacuus."
"Tools","Officiis avaritia sonitus cibo quisquam ustulo coniuratio strues.","https://loremflickr.com/94/3856?lock=1297926663950620","{""value"":3,""unit"":""minutes""}","Kristin_Hagenes92@hotmail.com","Coerceo vulticulus alias contra cura tot. Acies attero umquam angulus sordeo quam adeptio vespillo coerceo somnus. Ocer totus aestus bonus vereor cerno exercitationem temeritas.
Aegre terra theatrum comptus desidero censura cupiditate fugiat. In coadunatio sperno attero copiose. Maiores aranea bardus.
Allatus coniuratio amissio depopulo. Aer impedit termes vigilo vita thesis truculenter deduco. Adsidue tremo corporis earum coniecto torqueo dolorum saepe vilis."
"Books","A brevis adipisci vulnero.","https://picsum.photos/seed/85YNd/339/1256","{""value"":13,""unit"":""minutes""}","Eusebio65@hotmail.com","Ambulo causa infit vobis argumentum adipiscor praesentium aliqua arcus deprecator. Tolero corpus bene audacia thorax advenio adhaero verto delicate. Amaritudo umerus vulgo.
Suffragium demens ulterius nam tui antea arguo credo cum. Advoco delicate comes deprimo denego architecto curatio urbanus. Tonsor argumentum vulgo bellum fugiat varius tumultus ancilla aegrus clementia.
Timor amaritudo vix deludo armarium amicitia aperio curo coma degusto. Usitas cernuus astrum creptio. Tredecim suggero aer patrocinor paulatim abscido iure molestiae."
"Clothing","Vinco corona nisi speciosus amplus alioqui assentator xiphias caveo.","https://picsum.photos/seed/xMfXpNyd1/570/2774","{""value"":13,""unit"":""minutes""}","Ellsworth90@yahoo.com","Sumptus statim contigo tepesco consectetur aliquid. Demergo cotidie tubineus abstergo casus turpis termes deporto. Ab comminor tamen argumentum trucido perspiciatis argumentum solus temptatio.
Facilis tot summopere ipsa vobis casus curriculum volo rem. Asporto cohibeo ancilla atrox absque. Cultura ab defetiscor concido comburo.
Corporis crudelis calculus agnosco suscipit usitas peior caput subvenio crinis. Error victoria sodalitas statim advoco defetiscor adstringo eos. Aro templum cuppedia viscus adulescens tepesco vilis deprecator tenax conservo."
"Sports","Argentum repellat asporto clarus ater quaerat.","https://loremflickr.com/652/1621?lock=326113497964882","{""value"":16,""unit"":""minutes""}","Nico_Bernhard@hotmail.com","Custodia verecundia aggredior temptatio cicuta asper. Candidus blanditiis sollers viriliter traho. Sto peior antiquus sollers.
Video provident capto paens vix ventosus vomer velut terra nesciunt. Ante bardus soleo stillicidium. Coadunatio molestias usitas et quaerat complectus.
Vulgus placeat vorax abundans cras comes vicinus quas admiratio. Minus tenax confero uterque complectus odit thorax undique vulnus auctor. Templum pax statim congregatio cena vomica accommodo defetiscor."
"Industrial","Tum vacuus curvo contego via suppono.","https://picsum.photos/seed/utTai2Fy/3064/2061","{""value"":15,""unit"":""minutes""}","Yvonne_Hilpert@gmail.com","Spes repellat demo accendo praesentium coerceo cultura. Corporis delego alienus ambitus. Caute turba terga vorago tutis coepi defero.
Asporto vacuus utor vulnero aliquam cubitum substantia. Vos aegrotatio tertius adfero nam demonstro. Atrocitas ullus aer vilicus talio solio exercitationem advoco.
Supellex teres suadeo rem ustilo atavus ad adficio paens. Quisquam tardus nam comes antea beatae custodia. Aperiam spiculum venia anser dapifer atavus neque."
"Toys","Administratio cupiditas ter patior carcer rerum summopere.","https://loremflickr.com/31/2331?lock=7039011899436217","{""value"":12,""unit"":""minutes""}","Vern.Mueller@yahoo.com","Temporibus conicio ars solitudo voluptatibus articulus contra. Vita ocer aut super conturbo aliqua maxime surculus tenuis. Commemoro defessus comedo bis sub cuius suadeo attonbitus.
Nesciunt virgo quisquam creo adeptio constans cenaculum apostolus depraedor. Armarium tres aut subito tutamen qui tabernus victoria deprecator. Decor urbs textilis summisse.
Depraedor vivo dignissimos corona cultellus. Terra arcus consequatur. Attero amplitudo speciosus sequi tres victoria tepidus."
"Beauty","Stella cubitum vae calcar reprehenderit bene creta anser.","https://picsum.photos/seed/ZUVng/3895/422","{""value"":19,""unit"":""minutes""}","Ubaldo77@hotmail.com","Amor vulpes cauda arbor. Alienus amiculum cibus synagoga pecco alveus. Alius cinis decet.
Demens angustus deludo sodalitas nulla cariosus. Correptius debilito congregatio comis sum absum spectaculum tamquam. Rerum basium antiquus alienus thesis.
Vitiosus vix consequatur centum arcesso capillus vir careo defungo. Crastinus sulum subito officia aperte. Custodia conatus contabesco deleo concedo utrum velut thesaurus venio tersus."
"Books","Accusator pauper clam thema torqueo villa catena capillus cogito aqua.","https://picsum.photos/seed/1hlEVz/1732/2015","{""value"":14,""unit"":""minutes""}","Eusebio65@hotmail.com","Careo coma vociferor. Spero bis somniculosus culpa. Carus custodia aequitas tribuo aetas totus expedita.
Sublime defero tendo summisse abundans. Cupiditas cattus degenero dolorum explicabo coniecto cunctatio provident. Tenetur vestrum vinculum adficio bene cauda adipisci.
Abutor doloribus peccatus despecto bonus occaecati derelinquo caelum deludo deorsum. Bene depromo substantia cauda totus exercitationem cubitum arguo tabula. Terreo artificiose tunc cruentus iure."
"Clothing","Inflammatio vilitas vilitas saepe celebrer.","https://picsum.photos/seed/0BebS/657/3807","{""value"":16,""unit"":""minutes""}","Elenor_Farrell63@yahoo.com","Deprimo tunc amo cognomen taedium vapulus arbitro repudiandae. Ustulo aegrotatio stillicidium. Terreo sublime aliquam.
Explicabo audacia absens cubicularis tantillus repudiandae pecus urbs antepono. Victoria tricesimus varietas vel concedo auxilium. Terror delectatio demum vere congregatio autem.
Comminor usque voco. Venio solio fugit eaque amitto cupiditate. Thesaurus aetas adimpleo subito impedit cohaero distinctio capitulus solus."
"Tools","Conscendo caste denuncio umquam venio vociferor vicissitudo dedico arceo curiositas.","https://loremflickr.com/2772/3484?lock=8046772588124742","{""value"":1,""unit"":""minutes""}","Nico_Bernhard@hotmail.com","Cedo utroque conservo inflammatio aestus ulciscor vulnus vitiosus atqui. Crapula carcer cibus. Thermae antea decretum vorax officia desolo pecto timor.
Bellum recusandae repellendus eaque spoliatio casus consuasor validus. Adicio candidus teres tricesimus universe. Cubitum causa depereo adfero tergo desidero cetera cras fugit delego.
Vigor clamo vitium. Cras acervus audentia. Cenaculum comburo spoliatio ducimus degenero tum adulatio terebro."
"Health","Totidem valetudo callide undique solitudo traho cura substantia.","https://picsum.photos/seed/87zo4gnES2/1014/776","{""value"":1,""unit"":""minutes""}","Ona_Considine-Robel@gmail.com","Acerbitas aetas desipio quod numquam via facere iste. Vester impedit molestias territo. Utilis abstergo abundans minus deduco texo arguo delibero.
Deleo capto blanditiis asperiores. Sponte vulticulus spiculum triumphus vinco vigor adimpleo demo vomito. Vomito aiunt atavus caries vesco.
Decerno speculum volo. Iste ustulo autem antiquus tepesco cado cerno conventus arceo. Consequuntur absque atque demum vociferor vos."
"Automotive","Causa aspicio volva denuncio cumque.","https://picsum.photos/seed/twGvqZL/2977/2779","{""value"":20,""unit"":""minutes""}","Mafalda.Kihn@hotmail.com","Tibi delicate virtus talus vinco. Cras aspicio adsidue fugit doloribus advoco vulnero corporis. Quam acidus rem tempore uterque comparo demens crebro.
Id arbustum aiunt thorax vapulus amita corroboro. Benevolentia cruciamentum commodi spargo. Sodalitas subvenio demulceo cado stultus.
Quam teneo demo vulgivagus adhuc substantia. Velut sollicito minus quidem ventus voluptatem bos. Via ea tantillus aurum voluptate vox."
"Industrial","Sui ex aliqua abduco cultura amita vero bellum ceno.","https://loremflickr.com/2223/2506?lock=7552190201988479","{""value"":11,""unit"":""minutes""}","Price89@yahoo.com","Varius terga corrupti aspernatur. Dedico ubi cupressus copiose arcus cenaculum solus torqueo officiis cibus. Admitto cuius considero casso.
Adiuvo pauci consequuntur nostrum. Demum quibusdam cado ventito bardus causa color. Cuppedia statua peccatus terga alveus.
Viscus crinis nam armarium. Titulus vigor admitto. Carmen vitae crastinus aequus turba deorsum degero dapifer illo coaegresco."
"Books","Theatrum adeo certus crinis cupiditate itaque volubilis labore abutor placeat.","https://picsum.photos/seed/GVp0B8v/2503/3061","{""value"":1,""unit"":""minutes""}","Jalen5@yahoo.com","Ventus vulnus auctor quasi solutio. Argumentum aeneus laborum caput abundans talus trucido veritatis cubicularis. Dolorum crastinus timor tendo ulterius arto blanditiis aequitas carcer.
Coruscus deorsum numquam thesaurus delibero aperte. Contego adflicto praesentium comminor degero vulpes labore. Ipsam aegre voluptate accusamus sponte verto animi.
Recusandae aegrus cultura. Suggero tam abscido vere trucido sonitus ascit. Allatus ante sperno tristis abstergo corrigo veritas terror caritas."
"Shoes","Veritatis adipiscor vindico approbo vorax defetiscor laboriosam adamo.","https://picsum.photos/seed/KVfGqrd5/2711/3969","{""value"":18,""unit"":""minutes""}","Ernesto.Bins37@yahoo.com","Summopere totidem theatrum. Sophismata comedo tabgo beatae blanditiis. Laborum tripudio tonsor officia blanditiis amitto callide quibusdam cariosus.
Utique nemo celer substantia quos. Communis sustineo ter tendo somnus soleo alter vitae damno suus. Universe victoria sponte tergo spectaculum video.
Bonus sursum debeo unus. Doloribus suscipio tutis excepturi demitto tutis advoco ascisco convoco iste. Depromo sit defendo vilicus."
"Tools","Sortitus thema ultio id virtus animus.","https://picsum.photos/seed/xy0M8ka/1606/3410","{""value"":18,""unit"":""minutes""}","Price89@yahoo.com","Exercitationem teres campana ascit ventito spiritus sublime adulescens. Aqua laboriosam uxor ab dapifer dignissimos animi thema. Termes vicissitudo vestrum terreo xiphias subiungo cras exercitationem comprehendo.
Curo arbustum cuius. Beneficium chirographum quidem quod depromo alii adaugeo. Suscipio cras audacia venio.
Comparo tenax urbs aufero nisi vulnero omnis decens incidunt tolero. Surgo rerum viridis contra absum cauda eaque subnecto pecto. Infit theatrum defaeco ratione cupio nesciunt canis."
"Tools","Bellum adfero cornu.","https://picsum.photos/seed/3nhs6/464/464","{""value"":3,""unit"":""minutes""}","Mariam75@hotmail.com","Aegre tondeo vado toties. Argentum admitto stabilis crinis deorsum soluta infit argumentum. Volup possimus utrimque tremo beneficium autem teres convoco tero cursim.
Toties ago libero somnus arma. Vilis carcer amitto curia viscus usus nesciunt pecus. Conculco accendo temptatio contigo supellex atrox soluta vallum trucido suppellex.
Beatae dolor saepe charisma barba tabgo decor. Venia alioqui tollo ab uter. Angulus inflammatio coruscus claro tamdiu cruentus."
"Grocery","Clibanus conforto admoveo currus auditor auditor cur cenaculum curia.","https://loremflickr.com/2448/23?lock=5827859330083902","{""value"":19,""unit"":""minutes""}","Paula46@yahoo.com","Tricesimus amplus inventore comminor crux ducimus. Aeneus canonicus consuasor ultra cornu. Voluptatibus turba acceptus.
Sub casso contabesco angelus culpo vis. Ipsam utroque communis colligo solus ipsum ambulo cubo vigilo desidero. Utpote ter succurro.
Creta argumentum undique molestiae. Cernuus calco supplanto. Doloremque spero suus absens argumentum deputo ara praesentium triduana adficio."
"Tools","Curriculum depraedor sopor texo apud crepusculum.","https://picsum.photos/seed/iLcRV4AHL/2048/2337","{""value"":6,""unit"":""minutes""}","Imani.Deckow77@gmail.com","Pariatur bene commodo volva denego vilis cunctatio vivo rerum. Volubilis auxilium bellum tersus cum cur copiose argentum uter. Aggero cubicularis versus vomito agnosco concido vinco utilis custodia.
Adflicto laborum ager una terra colligo versus uter asporto. Coniuratio umerus coniecto blandior pariatur callide. Dolorum inflammatio deprimo auxilium vulnus minima comitatus temptatio tergeo vociferor.
Dens claustrum tondeo cuppedia dicta. Bibo copia quam vehemens voluptatem abduco astrum demo ulciscor voluptates. Valetudo celo ultio aedificium adhaero."
"Books","Ago cognatus nisi blandior timidus cui vorago acer.","https://loremflickr.com/3105/1747?lock=8627757107219563","{""value"":17,""unit"":""minutes""}","Magnolia.Baumbach85@yahoo.com","Venio admiratio avarus. Tego cena alveus usque. Voluptatum demens considero.
Vulnero nulla termes decor illum soluta caput patior comparo. Astrum adfero tendo accusamus adversus vulticulus. Deorsum usus vacuus paens surgo arbitro assumenda cupio tepidus.
Mollitia aqua dolorem cenaculum angulus totidem. Totam eligendi explicabo hic crux arto creber tactus amita non. Natus crepusculum voveo carus."
"Computers","Spoliatio quis corrupti verbum talus ver fuga soleo trepide.","https://picsum.photos/seed/nI7xqQ1/1649/616","{""value"":18,""unit"":""minutes""}","Yvonne_Hilpert@gmail.com","Soluta cedo colo tutis truculenter substantia crinis vicissitudo crur tondeo. Vita vinculum desidero decretum. Odio brevis confido audentia.
Clam patria valeo cogo cerno volaticus. Possimus vobis audentia degenero aveho voluptate alii. Pectus quaerat ventito.
Traho utique calculus quasi. Harum deprecator curtus credo corporis veritatis urbanus. Absum tenuis tracto colo eum perferendis subiungo cicuta quisquam sapiente."
"Shoes","Custodia spargo terror defero bellicus tamisium debilito.","https://picsum.photos/seed/BdCfd5Q7Z/443/3331","{""value"":4,""unit"":""minutes""}","Ona_Considine-Robel@gmail.com","Censura thalassinus abundans vilitas vito laudantium spero volubilis sumptus tristis. Vinculum cenaculum valde decimus aliqua sui. Comitatus desparatus adficio urbs.
Placeat tempora apparatus tenetur caritas blandior bibo vereor. Viriliter claustrum concedo vindico cur. Toties tardus adfero angelus tabernus.
Libero sollicito umquam cogito sui. Molestiae sollicito aliquid ambulo subvenio. Somniculosus vulgivagus claustrum caput."
"Industrial","Video ago ceno arx bonus quam vacuus.","https://loremflickr.com/3384/2977?lock=2152328519375878","{""value"":11,""unit"":""minutes""}","Reynold.Beahan53@hotmail.com","Defungo barba commemoro consequatur. Truculenter sed sol charisma officia subito. Assentator vereor volva ancilla atque ab pauci carpo.
Tergo voluptate quia tricesimus. Versus vilicus trado bis soleo laborum cognomen dapifer suadeo blanditiis. Via speculum conculco.
Denique tero sonitus urbs. Tergum cursus arguo tutis subiungo casus decumbo. Occaecati agnitio valens tepesco cognatus defero calamitas."
"Movies","Adaugeo laudantium in animadverto.","https://loremflickr.com/609/1211?lock=5385564298611290","{""value"":7,""unit"":""minutes""}","Mariam75@hotmail.com","Spiritus coaegresco cognomen termes non. Rerum culpa careo ipsa vester nesciunt tero. Coadunatio eligendi utrimque.
Suasoria tabesco cito ambitus decipio tutis umerus. Deripio socius antea ars itaque tempora. Aequitas crepusculum terra solus suffragium.
Vociferor creptio tabula verbera curto unde doloribus volo. Verbera adopto harum. Aequitas iste combibo."
"Baby","Dolor angustus curis demulceo quam adopto beneficium volaticus.","https://loremflickr.com/674/1410?lock=7220054475693712","{""value"":20,""unit"":""minutes""}","Marlen.Hudson85@gmail.com","Placeat quod voluptate antea ciminatio barba. Atavus solus vergo triumphus iste versus. Accendo aureus cresco suscipio consuasor dolorum tepesco coerceo.
Tunc suffragium bardus incidunt vacuus tunc calcar articulus. Defetiscor doloribus combibo addo voco. Abstergo nesciunt vilicus.
Cultura apto celo vis trans casus universe ancilla audentia comis. Theca acerbitas cursus vapulus balbus acies civis vulgivagus degero. Dignissimos curso tametsi calco tero carcer xiphias vehemens."
"Games","Sumptus caste debitis curatio.","https://loremflickr.com/3815/3507?lock=2002574156211127","{""value"":9,""unit"":""minutes""}","Ted75@gmail.com","Acceptus uterque derideo desipio. Peccatus auxilium auditor adsidue convoco strues excepturi tendo ulciscor. Adipisci strues aestus vereor ubi illum aspicio.
Tam cupiditate abeo cresco deripio assumenda ait abscido commodi sublime. Textilis arto aufero corrumpo. Conservo confero astrum conventus victus contra depereo.
Thermae ara tergeo nihil somnus sum comis spes. Vulgivagus strues contego colo tamen caries doloribus quaerat verbum subseco. Sopor tui angustus adsuesco aedificium."
"Movies","Cum vel tristis spiculum tamquam sodalitas voluptatem benigne.","https://picsum.photos/seed/Sll1b/1500/647","{""value"":7,""unit"":""minutes""}","Anthony81@gmail.com","Accommodo patior undique cotidie conspergo allatus cotidie candidus. Talio textilis velum suasoria omnis sursum utrimque. Ventus delinquo pariatur conforto veniam usque tempore accedo dicta aedificium.
Ciminatio voluntarius amet supellex delicate temporibus viridis. Sumptus nam voco defleo repellat suasoria repellendus officiis. Auctor via summa victoria desolo vivo.
Vinum causa depulso combibo adulatio comburo ver cibus acsi tempus. Corroboro aptus asporto arto cetera conturbo vesco distinctio consuasor crepusculum. Civitas audacia decimus vulgivagus velut cenaculum vinculum."
"Clothing","Beatus campana dolore tonsor depono.","https://loremflickr.com/1947/1704?lock=7143948265276805","{""value"":1,""unit"":""minutes""}","Vernie_Larson79@yahoo.com","Vinitor baiulus angulus caste numquam cito. Correptius vulgivagus tamdiu arguo currus degenero vel adulatio. Vobis facere volva autem tero advenio curtus communis consuasor absque.
Viduo denuncio certe vobis sustineo corpus urbs cibus aiunt. Spoliatio apparatus depereo termes vindico decipio alius contego aranea absorbeo. Sub comedo patrocinor volva ipsum angelus vir bene delibero denego.
Veniam tremo alioqui tabesco agnitio subseco contego. Adipisci depereo testimonium cogito careo coruscus convoco earum decumbo culpa. Expedita celebrer vulgivagus perspiciatis cito cursus neque uterque desidero adduco."
"Books","Pauci atrocitas valens benigne voluptates thermae delibero aliquam.","https://picsum.photos/seed/MReYJV6n1l/1826/2892","{""value"":8,""unit"":""minutes""}","Jacey.Hodkiewicz@yahoo.com","Socius taedium accendo suspendo voluptas corrigo dolore ascisco sordeo corroboro. Solio alveus contabesco absconditus trans pecco decerno. Caritas cariosus coruscus voluntarius audentia asporto.
Tondeo angustus vivo sortitus angelus. Delinquo atqui occaecati quas aranea curia abundans ademptio cras admoneo. Clarus depromo valetudo testimonium soleo absum centum creber terror.
Comitatus tersus surgo cultura. Tactus defendo ullus totidem solvo cohors cubicularis cumque comburo. Vestigium contra amor acidus dolores texo cerno defluo."
"Baby","Amiculum vis velut aro aegrus trans deorsum.","https://loremflickr.com/1107/2958?lock=6055643402218495","{""value"":16,""unit"":""minutes""}","Rowan_Welch@gmail.com","Custodia trans taceo copia. Ustulo concedo summopere tero demoror adsuesco sumo territo autus. Reprehenderit stipes facilis tenus tergo corrupti cetera.
Acceptus colligo laboriosam suadeo. Celebrer eveniet vinco minus. Constans vix facere vita certe.
Caput tantum deficio compello utrimque convoco repellat. Thermae attollo cribro deputo. Compono via eligendi alioqui aequus vester."
"Music","Solium amitto acerbitas viscus.","https://picsum.photos/seed/r6b14z8/3679/3000","{""value"":5,""unit"":""minutes""}","Nico_Bernhard@hotmail.com","Dicta adflicto colligo sonitus aetas tardus voluptatum totam copia addo. Pectus accommodo blanditiis contigo certe cras validus laborum inventore. Repellendus stella conventus virtus coniecto.
Administratio porro benevolentia pauci. Attero aliquid confido stultus cicuta beatae. Aetas bardus cruentus termes tergeo tollo.
Speciosus deporto saepe spiculum contra voluptatibus copia decor cohaero vitium. Studio tres commodi vitae degero nostrum coniuratio desino arca aufero. Corroboro crudelis suppellex cruentus."
"Beauty","Abscido triduana fuga.","https://loremflickr.com/594/1926?lock=5980488285087880","{""value"":16,""unit"":""minutes""}","Ellsworth90@yahoo.com","Totus aestas causa curiositas creator tergiversatio bonus summopere ratione vallum. Animi aggredior vilicus paulatim cogo civis vergo adficio censura conforto. Laboriosam alias aequus abutor adicio.
Comis delicate necessitatibus tonsor deleniti saepe vaco. Attollo correptius voluntarius vulgo cibus velit vergo turba cariosus. Aiunt appello aureus vado culpa comis.
Tametsi abundans auxilium varietas. Aspicio asporto copia creptio toties demulceo optio. Calco iste angustus beatae conforto curto delicate arceo stultus adsidue."
"Tools","Clementia calamitas urbanus coniecto aveho sodalitas aestivus torrens harum.","https://loremflickr.com/230/1904?lock=3729902171697958","{""value"":15,""unit"":""minutes""}","Dimitri_Hahn@yahoo.com","Vigilo quidem approbo vel titulus. Denique compono abduco auxilium speciosus. Cena alo depereo ventito.
Alius vigilo cohibeo libero vilitas corporis ratione hic. Cicuta vester magni ustilo conservo. Sufficio adicio subseco.
Usus stipes depulso aegrotatio deduco versus tantum. Pariatur bestia vulgo aspicio vae dolorum vetus curvo coma vinum. Atqui vere censura usque accusantium tracto."
"Tools","Spoliatio accusantium suus aperiam bestia canis thermae spero.","https://picsum.photos/seed/dPnCSf7A/2222/2674","{""value"":4,""unit"":""minutes""}","Evert_Howell@gmail.com","Aegrus tamdiu cariosus volva. Confero illo peior. Labore tremo amet denuncio substantia.
Ratione temporibus talus abutor curvo delectus. Summisse coma talus voveo arcesso ante. Cultellus suppono confido spero adfectus denuncio cuppedia.
Contra avarus cupressus numquam comminor voluptate vehemens cervus asporto. Tutamen ante culpo repellendus talus amaritudo. Advenio abstergo adfectus cohors pectus uberrime toties somniculosus."
"Music","Delinquo cena attero.","https://picsum.photos/seed/8Ti2G/3387/708","{""value"":19,""unit"":""minutes""}","Imani.Deckow77@gmail.com","Adflicto arma vorax vis statua voro adstringo. Vir excepturi ager temperantia confero. Tempus aranea aut vomica conspergo averto calcar cogo.
Tabula curtus quaerat casso despecto. Repellat numquam attonbitus arto catena canonicus cupiditas auctor. Aegrotatio aro cruentus conduco.
Astrum amitto repudiandae. Earum deserunt vicinus videlicet solus defendo assentator annus. Infit tredecim pecco caecus eaque agnitio victus."
"Games","Taedium curatio curiositas tredecim aliqua adiuvo derelinquo abscido.","https://loremflickr.com/2079/3602?lock=7704939027088144","{""value"":15,""unit"":""minutes""}","Nat94@gmail.com","Auctor repellendus admoveo utor. Admoveo porro peccatus amplexus territo corrumpo. Videlicet tempore conturbo testimonium votum vomito subiungo cunctatio.
Utor conculco speciosus sapiente patrocinor brevis tremo. Facere ulterius accommodo quas voluptates confugo suspendo vigor vehemens. Ex voluptatem adipiscor vis laboriosam in maiores arcesso sumptus calculus.
Venustas torqueo stipes. Templum vito amitto caste. Occaecati conturbo varietas contabesco facere vulgaris ventus tredecim tempus."
"Clothing","Calcar stillicidium desparatus ultra statua dapifer civis vos soleo carmen.","https://picsum.photos/seed/IOTfLWl/197/2992","{""value"":17,""unit"":""minutes""}","Nels52@hotmail.com","Totidem sumo aegre cetera. Deludo crebro charisma victus thesaurus absconditus conicio doloribus correptius alveus. Tyrannus taceo deripio inventore absque copiose depono delibero.
Cedo vestrum carus quo subseco vulnero sordeo solitudo patruus. Verumtamen textus tolero aranea theologus casus vitae. Voco culpo nemo asperiores delego ocer comedo cur deporto.
Conforto umbra tener acer acervus tum. Cogito reprehenderit sponte statim damno verumtamen decimus. Curtus somniculosus alter valetudo."
"Computers","Tres patrocinor inventore.","https://loremflickr.com/2728/602?lock=7567008162117603","{""value"":4,""unit"":""minutes""}","Vern.Mueller@yahoo.com","Voluptates quod derelinquo. Vicissitudo accedo terreo defaeco. Uxor terebro ustulo amita.
Cena usitas capio incidunt vox verbum tepidus aestas sublime trepide. Pariatur absconditus hic admiratio advoco arcus uredo. Cubitum demergo caput cursus demitto vulnero subito venio.
Clamo canonicus pecto truculenter. Cotidie tamquam blandior. Volva aranea velut cernuus conforto caterva veritas custodia."
"Toys","Tero censura suppellex celer pecus ventus valens amoveo caterva.","https://picsum.photos/seed/xuvrBPJ/1502/250","{""value"":15,""unit"":""minutes""}","Nasir.Franey@gmail.com","Constans adfero timor crur deleniti cunctatio ultra. Deprecator ars vox suffragium peccatus depulso comis congregatio. Tamdiu damno vester.
Adfero cariosus cicuta bos ager sollicito amiculum. Talio urbs cohors minus vociferor corroboro cui thorax acquiro vilitas. Vester patior cupressus vehemens totus quia deinde barba nam.
Consectetur testimonium audeo enim succurro abduco. Studio apud tamen iusto trado valeo. Conventus arma cenaculum apto."
"Garden","Verbum avarus aequitas tabella.","https://loremflickr.com/2756/1091?lock=2853335829706921","{""value"":12,""unit"":""minutes""}","Reynold.Beahan53@hotmail.com","Cumque voluptatum civitas alienus cupio adicio appositus spoliatio tepesco. Thymum iure timidus ante paulatim thymbra comburo aufero acervus. Accendo defleo veniam bis tribuo teneo cognatus laborum aurum.
Alienus desipio tutamen antiquus quia aufero deficio corona. Aureus antea sulum amet quaerat cuius. Capio coerceo conventus tero depulso alius.
Admitto clarus ab calco sumptus teneo denuncio. Calco stillicidium usque. A clibanus tergo comedo."
"Automotive","Excepturi talus quidem virgo abscido curto aer ipsa suggero.","https://loremflickr.com/1949/2866?lock=3146158158213424","{""value"":17,""unit"":""minutes""}","Nat94@gmail.com","Vomito auxilium tempora tantum adsuesco decerno curatio. Angustus deprimo terror minus viduo adduco. Magnam subnecto animus impedit angelus complectus arbitro velit conturbo termes.
Spes arca bene pariatur peccatus. Qui infit temptatio comminor cervus careo concedo canis averto. Facilis cuius caput agnitio crastinus depopulo quibusdam distinctio decumbo.
Spero utrum acceptus admoveo praesentium viriliter terra. Valetudo assumenda calco subseco careo traho clamo coruscus inflammatio adeptio. Suus vallum vulnus despecto advoco succurro tenax tenetur."
"Automotive","Vis combibo adsum voveo blandior creptio sulum arbustum alias.","https://picsum.photos/seed/TlAGA/3721/820","{""value"":14,""unit"":""minutes""}","Missouri95@hotmail.com","Uter quisquam utroque. Atqui contra atrox triduana adaugeo absconditus. Cohibeo damnatio vulgus uter suffragium.
Verto cumque caelestis officiis. Totam thymum aperte adfectus conscendo articulus derelinquo. Victus demo quo porro sui adipisci.
Voluptatem fugiat thesaurus caecus. Adsum eos dedecor arma corpus avarus depopulo carus. Tres amiculum vulnus speculum cuppedia spero solum."
"Beauty","Allatus molestias angelus absconditus.","https://loremflickr.com/3565/2508?lock=6684549523343762","{""value"":8,""unit"":""minutes""}","Paula46@yahoo.com","Tondeo crinis aptus ubi dapifer totam. Decumbo nisi coerceo. Delectus cometes tristis expedita annus averto.
Comburo carcer argumentum degenero conduco volva degusto. Adfero patrocinor porro addo. Vulnero quo varius cariosus sufficio brevis earum virtus tener.
Sumo taedium curiositas sopor conservo astrum nam. Decens aegre cibo. Depereo aureus subnecto cicuta auctus umerus iure correptius."
"Jewelry","Tribuo ceno coruscus assumenda volutabrum sol.","https://loremflickr.com/2461/1959?lock=2293592581858038","{""value"":4,""unit"":""minutes""}","Zaria_Cormier-Davis@gmail.com","Arguo degero totam vilicus. Tenus degusto summisse crepusculum tempora angustus callide adnuo totam tremo. Creo quasi omnis patior vita ver cum dignissimos carpo studio.
Cui cupio decet sint admiratio tum usus bonus adfectus coadunatio. Titulus somniculosus desolo. Thorax aequitas aggredior crastinus delectatio ipsum auctor sint admoneo arca.
Pariatur accusantium demum. Animi ducimus absorbeo desipio currus unus supra conservo sint adicio. Iste molestiae cogo corrupti cuius delectatio ars vulnus cibo aggredior."
"Tools","Illo fuga velit urbanus.","https://picsum.photos/seed/ohr3slj/2126/1828","{""value"":14,""unit"":""minutes""}","Magnolia.Baumbach85@yahoo.com","Atque angulus terra consectetur. Agnitio exercitationem confugo explicabo. Ancilla apparatus fuga impedit.
Vicinus cicuta unde amoveo adfero tego tamquam calamitas conor adiuvo. Alo stultus reprehenderit charisma tempus minus caelestis ager capio possimus. Vesica laborum vilitas vulgaris magnam caelestis consectetur.
Cavus carcer toties utrimque totidem succedo supplanto. Vitium quos illo vulgaris cresco. Vulgivagus taceo tonsor."
"Industrial","Cibus cibus conicio.","https://picsum.photos/seed/yTODvvDP8/1076/2970","{""value"":20,""unit"":""minutes""}","Marcia86@gmail.com","Crepusculum error suscipit decretum velit statua subvenio cito. Ex ascit acquiro tollo circumvenio sequi derelinquo defaeco usitas. Una taedium alioqui acer tergeo cursus sodalitas ullam possimus.
Adfero vae virga. Cetera depulso voluntarius. Demo crapula accedo at abduco tergeo corona vulticulus animadverto rem.
Umbra soluta triumphus allatus creptio alias cultura cado sum. Sum venustas coadunatio peior temperantia deserunt. Color minima creo talus nesciunt cupressus modi adficio vesica tempore."
"Jewelry","Vapulus charisma aut vigor delectus utrum.","https://loremflickr.com/2514/2370?lock=3783381937683019","{""value"":16,""unit"":""minutes""}","Nels52@hotmail.com","Texo alienus sufficio damno aveho tego conturbo deporto. Torrens comptus civis asporto titulus sperno valetudo. Adsidue vaco delectatio barba excepturi.
Cibus tergiversatio theca tener terminatio terebro curiositas voluptatum. Cunabula adulescens voluptatum summopere natus tubineus. Armarium advenio spectaculum.
Caute vito auditor speculum tutis. Pecco ut vulnus tondeo alioqui sumptus strenuus assentator. Deleniti aestivus tabernus copiose sodalitas comprehendo."
"Health","Aegrus video auctor infit summopere.","https://picsum.photos/seed/6BbTDC/2889/377","{""value"":6,""unit"":""minutes""}","Nasir.Franey@gmail.com","Alii calamitas tolero caries labore. Cunctatio natus articulus tredecim acceptus utpote. Patior pecto super tondeo verecundia.
Abduco cunabula tonsor casus debilito undique adaugeo adnuo. Id caelum arx capillus verbum dicta cultura tenus corroboro. Articulus laudantium terebro voluptas approbo tam conicio creo sonitus.
Cernuus volva avaritia cibus sopor demulceo eum audentia capillus. Corona vereor aspicio viriliter tracto ager succedo aggredior voluptates. Tactus placeat nesciunt colligo patior culpa canis certus abundans arguo."
"Sports","Correptius unde exercitationem cras alius virgo.","https://loremflickr.com/1080/485?lock=3666408875610255","{""value"":1,""unit"":""minutes""}","Nico_Bernhard@hotmail.com","Cubicularis toties abundans baiulus vacuus vitiosus sopor. Adflicto repellendus amplitudo. Confugo curriculum centum summopere truculenter deleniti laborum.
Ait crebro desipio pauci creator veniam custodia arcus vivo. Clarus ago caste varietas ipsum conor aut repellat vulpes. Architecto clibanus adsum deludo facere terror degero nam.
Aspernatur ventosus vesco auditor tremo auctus adinventitias adopto. Ancilla tergo cervus pel eveniet vigilo corporis blandior tyrannus. Volaticus suscipit paens spiculum tertius appositus assentator vere."
"Baby","In deorsum cura coepi uberrime decet.","https://loremflickr.com/3075/2197?lock=8982340699801522","{""value"":10,""unit"":""minutes""}","Zaria_Cormier-Davis@gmail.com","Nam consequuntur bibo omnis quia abduco fugiat thermae utrum cerno. Cariosus brevis crudelis. Curtus ambulo denique desidero dolores terra inflammatio curis cognomen suppellex.
Tenuis consequuntur similique corporis consequatur aperte vito. Desolo ascisco urbs auctor tyrannus avarus comitatus. Colligo totidem defluo cribro temperantia peccatus una sulum amaritudo.
Dolorem deinde confero harum subiungo sperno venia. Arto venia quam. Vulnero ver vorax clam absens velum aduro molestiae bibo."
"Home","Vulgaris conscendo ipsam adfero aliquam damnatio vobis aer.","https://loremflickr.com/1849/2771?lock=6334067075684648","{""value"":3,""unit"":""minutes""}","Shayne_Cartwright@yahoo.com","Valde calco adfectus vapulus coaegresco blanditiis. Comes caput admoneo. Pecto deduco maxime alias vobis commodo.
Tego terebro modi angustus laborum speculum sum arca. Sit suus cinis pecto speculum solus sequi defluo tactus. Cognatus alioqui aestas crudelis virtus.
Caelestis tenus territo vapulus censura tergum utrum calamitas. Audio vehemens somniculosus repudiandae defessus totus bonus. Pariatur aureus voluptatibus taceo delego tribuo debitis aqua viriliter appello."
"Automotive","Tonsor corporis pel antepono ambitus decipio.","https://picsum.photos/seed/LaanxR/783/3587","{""value"":5,""unit"":""minutes""}","Amina.Connelly@yahoo.com","Pariatur bos molestias ver alienus deprimo defessus corrumpo theatrum. Possimus vomer apto numquam vilitas tabesco vilicus denuncio totam cogito. Comedo denuncio voluptate condico abscido surgo desipio virgo uterque vitium.
Triumphus alienus adipisci. Angulus toties aranea nostrum tempus aequus. Desino patruus cum copia delego illum adimpleo praesentium velociter damno.
Debilito distinctio voveo. Subiungo vapulus cilicium. Arbor abscido creta adipisci vespillo abutor antepono."
"Clothing","Tamquam defero caterva usitas aperte.","https://picsum.photos/seed/KfUaCfjYF/3565/2873","{""value"":11,""unit"":""minutes""}","Jalen5@yahoo.com","Suadeo delicate bis. Tum volva versus tametsi vorago ultra suadeo sustineo iure. Creator vilitas clamo via itaque molestias adhaero.
Quia terra tutis velut demens amplus. Voluptates capitulus civis quidem vorago. Canis defaeco nisi ciminatio vapulus verus crapula clibanus.
Rerum conatus cernuus dolores aduro triumphus. Ultio volubilis maiores defungo texo. Minima calcar verecundia administratio tricesimus amaritudo congregatio vigor totam."
"Books","Admoveo nisi virtus adsidue velociter sursum dolore.","https://picsum.photos/seed/xVUg2Rn/2982/217","{""value"":12,""unit"":""minutes""}","Ted75@gmail.com","Placeat amplus aduro deprecator ustulo tergum comprehendo voluptatem. Creator caries attonbitus adnuo tredecim. Coniuratio desolo deduco assumenda expedita animadverto aetas textus subseco teneo.
Texo repudiandae cernuus celebrer. Dens bos defaeco temporibus cupio adfectus tametsi. Dolore tamisium arbor.
Atque bestia adhaero vita vereor. Sed voco nesciunt demoror necessitatibus curriculum. Totam dolorem vilis caste abstergo depromo."
"Outdoors","Tantum accusantium sit.","https://picsum.photos/seed/LopIY1S/787/2016","{""value"":17,""unit"":""minutes""}","Vernie_Larson79@yahoo.com","Theca argentum ciminatio accommodo subiungo perferendis cognatus pauper sto advoco. Vel amitto acerbitas quos supellex. Cornu comburo decretum constans caritas bellicus.
Caritas denego commemoro surculus vergo carpo charisma quae. Ad adamo ater depono natus reiciendis volva canis commemoro. Aegre non undique bonus corpus tui tubineus.
Creator cupressus et pauper alioqui adduco nesciunt iusto. Crebro bestia conor error asperiores ubi. Attonbitus tamquam conatus vehemens damnatio."
"Automotive","Carmen tantum adaugeo demens.","https://loremflickr.com/2828/121?lock=7145959297443894","{""value"":16,""unit"":""minutes""}","Mafalda.Kihn@hotmail.com","Turba capillus quo cum depereo clementia decor. Cattus verto creo commemoro tempore tutis utor caecus causa viridis. Molestiae sono aveho ulterius sordeo aequitas aperiam.
Agnosco laudantium ullus super accedo auditor quod. Voluptatem porro pauci casso coruscus. Tardus possimus acer repudiandae subvenio.
Carus quia ducimus. Possimus speculum sed ut curatio ratione aestas iusto sponte. Pecto similique coerceo caveo soluta talis."
"Baby","Ullus civitas voveo suadeo cena succedo cariosus apto tenuis vicissitudo.","https://picsum.photos/seed/gZ41Ez8/2122/3768","{""value"":15,""unit"":""minutes""}","Walter.Paucek8@hotmail.com","Carcer chirographum stella. Nam advoco vere eos amplus tantum unde. Aut succedo rem repellat amissio tricesimus caecus quam averto.
Candidus viduo cedo cognatus valeo cohibeo contra. Curo tristis allatus quaerat. Vetus doloribus votum suffragium consuasor.
Laboriosam peior officia. Uberrime valetudo iste civis subvenio. Auxilium cinis deleo consequatur aegre aro voveo."
"Home","Caste nulla aliquam patior modi.","https://loremflickr.com/249/2559?lock=6261499171797396","{""value"":13,""unit"":""minutes""}","Walter.Paucek8@hotmail.com","Ipsam tremo viriliter solio at sollers caterva volva error. Arca tergum suspendo abscido. Claudeo audax pauper appello aer eaque audentia dicta.
Alo subnecto voluntarius venia apto cresco sulum vulariter. Atque caritas vitium sopor spectaculum balbus confugo. Celer conturbo verumtamen carcer blandior.
Vetus vinculum vir crustulum tabernus tepesco tergiversatio victus. Spero studio in. Statua votum suppellex tamisium adipiscor."
"Home","Tempora delibero attollo.","https://picsum.photos/seed/tN5wI6Sz/2554/519","{""value"":9,""unit"":""minutes""}","Elenor_Farrell63@yahoo.com","Spero decor bene. Tardus clam enim auditor tempus. Comburo attollo volutabrum.
Civis temptatio vulticulus colligo vacuus commodo voluntarius. Teres defaeco ventito. Conitor curatio baiulus terebro curriculum.
Capio dedecor thymbra corporis thalassinus adamo cunae consequatur. Aeger excepturi aduro sol cometes aliquam voveo depono. Nemo cumque constans volup."
"Grocery","Terebro ultio convoco sortitus subnecto cur alter adsum aliqua.","https://picsum.photos/seed/aUa05R7V/1319/3400","{""value"":20,""unit"":""minutes""}","Marcia86@gmail.com","Cubo bene aureus suus. Caelestis adimpleo candidus cibo debitis vestigium territo defungo laboriosam. Coruscus aperte abeo tumultus.
Credo adeptio cubicularis aliqua nobis pauci officia adimpleo coepi. Causa doloremque libero valeo. Vir ipsam bene cohaero.
Iure terga curvo depopulo tertius abundans conduco colligo communis. Tenax ars coma animus voluptatem facilis vallum taceo. Aeternus expedita thymbra."
"Industrial","Alioqui cruciamentum desino patrocinor cinis.","https://loremflickr.com/751/2679?lock=6033736559898157","{""value"":2,""unit"":""minutes""}","Jalen5@yahoo.com","Altus demum timor vomer tenetur et vel. Adhuc ciminatio crudelis est subito umerus placeat vulgaris vergo volup. Vilis usque decet.
Succedo quas theca verbera rerum traho depulso. Vulgus delibero patria. Blanditiis modi qui charisma adhaero virga unus vix substantia accedo.
Torqueo vulticulus solium tepesco sopor demonstro solutio subvenio. Tenetur utroque coaegresco canis confugo. Clibanus sophismata dolorum accedo suscipit."
"Industrial","Antea cernuus tamquam coerceo alienus itaque vulgivagus venio.","https://loremflickr.com/435/845?lock=1237891534296603","{""value"":1,""unit"":""minutes""}","Ernesto.Bins37@yahoo.com","Verecundia cunctatio abeo deludo carbo vetus bestia. Succedo praesentium cognatus patruus cupiditas saepe. Dens tot cuius pauper delinquo.
Expedita suscipit vulariter vespillo constans defungo. Unus theca ante defleo brevis vesica suscipit crudelis. Tertius acies argentum cervus taceo conitor cum vesica vesica voluptas.
Aduro cimentarius ex recusandae vulticulus spargo. Tenax ea exercitationem aeternus. Amita capitulus combibo vapulus."
"Automotive","Incidunt cursus sopor deleo paens temptatio.","https://picsum.photos/seed/5kdOYn3dW/2216/2547","{""value"":16,""unit"":""minutes""}","Ubaldo77@hotmail.com","Degenero texo canis defero aspicio. Labore despecto acsi tener minus vitae villa vado abeo cunctatio. Teres acceptus laudantium confugo volva volup caste illo.
Aestivus tot sed deludo tollo animus cras studio tenetur. Reiciendis stabilis congregatio. Accusamus quasi vesper unus subseco bos aranea subnecto amplexus.
Comes voluptate tantillus cornu adipiscor ambulo summopere. Cognatus communis consectetur soleo tabula vigor pel. Aduro absum cenaculum vilicus."
"Baby","Suscipio auctor attollo curo quod barba tempore administratio repellat umerus.","https://picsum.photos/seed/hvs01Oj/979/2310","{""value"":19,""unit"":""minutes""}","Walter.Paucek8@hotmail.com","Verecundia aequus talio. Altus audentia summa vesper fuga molestiae adipiscor terra vaco. Laudantium aduro demoror suppono asporto canonicus paulatim acquiro appono.
Deputo claudeo aptus. Vallum cupio consuasor sollicito. Volubilis maiores cito deprecator degenero coruscus triumphus arcesso ab.
Debeo accusamus aptus. Adstringo vos thalassinus. Sono versus velut suspendo solio auxilium."
"Home","Tunc cognomen abstergo aspicio.","https://loremflickr.com/2333/1338?lock=2461744877068177","{""value"":9,""unit"":""minutes""}","Price89@yahoo.com","Tamdiu communis ver desidero advoco. Amor verbum repudiandae. Cribro tantum crur corpus.
Victoria aqua cuppedia decens ventus torrens utpote substantia virga. Basium aufero color odio. Utrimque venia animus damno.
Deinde votum caste sustineo defessus clementia subiungo texo crur. Adstringo comparo atrocitas. Crudelis ver accusamus urbanus triduana colligo."
"Kids","Vinum asporto apud calcar.","https://picsum.photos/seed/18CgT/2217/1153","{""value"":13,""unit"":""minutes""}","Estevan49@yahoo.com","Convoco odio tenus concido adeo venio vulgivagus. Venustas amicitia vix tunc velociter curatio pariatur recusandae. Totus calculus saepe speculum stips absorbeo currus.
Cupiditate deduco tyrannus cibo spiritus vigilo torrens. Cognatus curtus quam minus crebro articulus ultra desolo sollers cresco. Dolorem angulus cena.
Civis accedo ter. Conicio comedo vulgivagus voluptas aegre. Callide terra aggredior."
"Books","Delego quidem iusto.","https://picsum.photos/seed/euGPSc1/261/526","{""value"":5,""unit"":""minutes""}","Amina.Connelly@yahoo.com","Aedificium delectus cupiditate vicinus ventito tergo. Utique similique veniam argumentum dedico. Acervus catena volup ipsam vos vergo.
Deporto xiphias nam quis aestus cervus aut aro magnam. Comburo consequuntur quibusdam debilito delibero solitudo earum. Depono decerno decor cavus confugo tamquam acies sequi celer.
Adipisci sufficio addo volaticus cunctatio crustulum conventus. Stipes synagoga iste sponte contigo labore utroque. Volubilis capillus chirographum volubilis bellicus comes confugo suasoria."
"Clothing","Asporto expedita aedificium vomica thesaurus cibo.","https://picsum.photos/seed/fusxG3/327/329","{""value"":9,""unit"":""minutes""}","Ernesto.Bins37@yahoo.com","Cognatus turba ver omnis claro amicitia deinde. Cedo acervus custodia arca tergeo amissio cultura auctor ab. Cogo suscipio utpote bellum.
Textor repellat vorago debeo defleo aliquid adiuvo. Vinum volaticus altus. Sponte valens damno architecto sed verumtamen victoria astrum absens thema.
Sophismata amicitia voluptatem. Cunabula causa corpus ater dolorum. Iusto ait hic peccatus alii laborum adulatio delectus derelinquo aeternus."
"Home","Timidus cibus curso theca deripio deserunt.","https://picsum.photos/seed/EyWnQ/162/3767","{""value"":8,""unit"":""minutes""}","Rogelio_Wehner@yahoo.com","Utrum cornu cilicium. Succurro succedo optio verbera. Dolor bellicus quaerat aperte dolor accommodo velut.
Ipsam quisquam arbor abeo quisquam argentum aggero spero caecus deludo. Vobis celo tracto thymbra. Inflammatio sui suggero admoveo debilito desipio.
Spero corona alveus argumentum ullus auditor compono credo modi clibanus. Trucido vociferor congregatio. Vito tepidus centum demum aptus calcar adulescens conscendo civitas attero."
"Electronics","Attollo tres thymbra solum comminor cena.","https://picsum.photos/seed/QmZBrz/1225/2376","{""value"":20,""unit"":""minutes""}","Fanny_Fisher@hotmail.com","Curiositas approbo rem nulla cunae curatio talis nesciunt cavus. Ad quibusdam volup ubi. At debilito optio tricesimus conculco adamo adsuesco.
Viriliter argumentum adsidue aurum triduana somniculosus territo virga abbas viridis. Ab vito cunabula nemo comparo. Accedo toties error traho bibo aeger id.
Considero porro abundans tener demitto dolorum suus vix. Quos vir vacuus aliquam sapiente compello currus dolor. Vis bonus reiciendis cenaculum eum utpote."
"Books","Acervus decumbo demo amitto comes.","https://loremflickr.com/2334/1134?lock=6305712987099982","{""value"":15,""unit"":""minutes""}","Jamarcus.Koelpin0@hotmail.com","Ipsam deduco conqueror tenuis advoco quisquam suppellex sollers. Caritas caste acquiro annus vomito ara rerum. Acquiro delinquo ventosus benevolentia territo ater super.
Tripudio cupressus vinum. Architecto arx admoveo amplus articulus. Deserunt deleniti sortitus certe argentum asporto carcer considero.
Sublime culpo tamdiu volup doloribus caecus trucido. Creta amor calco tergo. Tracto tandem virgo cernuus absque amor cubo cum."
"Beauty","Blanditiis coepi complectus amita abstergo audax termes speciosus.","https://picsum.photos/seed/oCp1COMG/2991/3411","{""value"":19,""unit"":""minutes""}","Bo58@yahoo.com","Deputo vitium cometes volubilis ipsum commemoro vorax accusamus uterque tergum. Somniculosus abduco desparatus aestivus tondeo aggredior. Curo audax tego voveo auditor.
Capto defendo vis deinde baiulus sophismata cui iure. Artificiose apud somniculosus adfectus succurro textor templum blandior. Viscus comptus adeo defungo comparo.
Nisi suppono odit amo casso aufero vulgaris voco correptius. Demitto repellat curso creator vulgaris taedium agnitio. Conservo carpo casus artificiose contra depraedor summisse tollo aspernatur."
"Outdoors","Sponte spiculum vilis.","https://loremflickr.com/2307/3266?lock=2121694546504500","{""value"":4,""unit"":""minutes""}","Estevan49@yahoo.com","Vox aspernatur esse. Amplexus suscipit turpis succurro illum speciosus. Vehemens cibus ultra voluntarius.
Ventito hic conscendo adinventitias texo alias crastinus quam sed. Accusantium statim cruentus. Occaecati terebro complectus coepi decet officiis spectaculum stips.
Vacuus abutor amicitia nam odit armarium. Addo ratione damno facere tabella trepide denuo concido nemo. Vulnero adulescens reiciendis amet arbor amicitia debitis decens ex absens."
"Home","Valetudo validus advoco addo truculenter.","https://loremflickr.com/2738/1143?lock=3119202850416024","{""value"":2,""unit"":""minutes""}","Vern.Mueller@yahoo.com","Veniam maiores aeneus thesis. Reprehenderit vinum corroboro ciminatio vilicus rem. Tenuis stultus accommodo acer solitudo colo corrupti viscus.
Tristis cubitum tamisium denuo armarium suus aetas abutor vester dicta. Victoria patrocinor socius decimus abundans vulgo creber clamo xiphias. Quae templum cubo vilitas tenuis culpo bellicus vespillo denuo amoveo.
Eum corrumpo temptatio tamquam. Temeritas autem defero chirographum virgo molestias somnus expedita. Alo aetas amet sollicito."
"Beauty","Corona bonus paulatim verbera.","https://loremflickr.com/1280/3571?lock=2971276021978823","{""value"":5,""unit"":""minutes""}","Shayne_Cartwright@yahoo.com","Thymbra inventore sui urbs. Depromo ventosus sum reprehenderit delicate sufficio absorbeo officiis. Coruscus voluptates comitatus laboriosam creta vereor admoveo.
Nemo quae dolores deripio aperte canto subvenio delicate debeo. Voluptatem peccatus cattus venia adhuc ipsam. Consequuntur constans adulatio ambulo censura conqueror esse dedico derelinquo summisse.
Expedita amissio architecto capitulus calcar eligendi. Timor aperio vinco ait labore surgo saepe defleo. Supellex vigor laudantium."
"Health","Aufero vomito quasi circumvenio.","https://picsum.photos/seed/y3xuCHyX/367/3279","{""value"":12,""unit"":""minutes""}","Nels52@hotmail.com","Tricesimus maxime tero terror necessitatibus aut terga. Aegrotatio circumvenio caelestis corrupti unde acerbitas tenuis. Abundans ut deinde.
Numquam pectus vae. Curso admoneo cornu conatus sed vigor aequitas exercitationem. Acceptus tricesimus condico pecco tabella demulceo aduro clementia.
Dedico coniuratio repudiandae umerus pecto numquam conduco. Curriculum impedit umquam. Adeptio volutabrum pel careo usus caelum."
"Grocery","Neque tenax temporibus adopto.","https://loremflickr.com/3886/2844?lock=3317696507379994","{""value"":9,""unit"":""minutes""}","Ubaldo77@hotmail.com","Pecto vesco autus. Depopulo repellat ciminatio vulgus calamitas vesica acer. Absens teneo vero.
Absconditus sulum apparatus viscus sum. Varietas deporto triduana commodo comedo sopor spoliatio comes iste. Urbs quo tamen temporibus atrocitas.
Coepi ullus nulla aperio. Voluntarius amor ustilo. Temporibus thymum consuasor terga neque peccatus nulla."
"Beauty","Eius atrocitas corroboro ullus.","https://picsum.photos/seed/1PrKIWLoy/3413/2761","{""value"":19,""unit"":""minutes""}","Nat94@gmail.com","Aer cubo benigne tutis. Vita comminor custodia amiculum patria conturbo cena denuo decens defessus. Tondeo facilis vobis.
Thema catena adstringo. Depopulo advoco vinco sui. Aeger tonsor occaecati suppellex blanditiis.
Quam caecus caput desparatus vindico quis succedo aiunt aut magni. Error auditor amo eligendi vito velum curvo. Arcesso tredecim acquiro."
"Tools","Doloribus clibanus umerus tripudio aggero appono ago dapifer.","https://picsum.photos/seed/FEyDktEu0U/2121/2212","{""value"":8,""unit"":""minutes""}","Vicenta_Kessler@yahoo.com","Torqueo spero ulterius decerno color. Cornu solitudo versus capitulus ullam. Dolore concido testimonium adhaero.
Desino tabernus coadunatio condico cerno bonus curia villa. Placeat theca taedium sponte animadverto tepidus. Caste aequitas substantia surculus coma suscipit.
Bardus tollo claudeo deleniti damnatio volva. Theatrum ratione cogito illo ipsa. Quidem cupiditas vestigium vitae congregatio conscendo consequuntur."
"Electronics","Calamitas vinco adulatio terreo adsidue censura sperno universe aptus.","https://loremflickr.com/1319/2307?lock=2303890125729893","{""value"":20,""unit"":""minutes""}","Dimitri_Hahn@yahoo.com","Dolorem sed demonstro cursim temptatio demulceo ultra angulus. Asper vulpes theologus explicabo cenaculum defungo conventus arguo accendo. Praesentium civitas articulus odit tertius aro varius.
Ante triumphus ullus balbus. Coepi deripio valde vilicus comes. Arcesso amo conatus.
Vinculum defero turba benigne eveniet inflammatio. Timor ciminatio deputo admiratio cognatus summisse bene undique. Atqui careo spes cinis aureus textilis verbera valde."
"Industrial","Sumptus victoria vitium.","https://picsum.photos/seed/XKapZEv4O/3095/1108","{""value"":7,""unit"":""minutes""}","Lorenzo_West7@hotmail.com","Titulus alii stillicidium vis peccatus templum crustulum vapulus dolorum. Thesaurus nesciunt taedium desparatus sumo odit delicate. Cariosus amaritudo contego tandem spero ceno.
Attollo barba subseco tum cui callide. Adeo coepi asporto deserunt abscido nihil. Tardus iure spiculum ver umquam.
Viscus charisma tutis patrocinor concido debitis sumo auctus deprecator. Pauper clam titulus temperantia decens arca viscus tristis. Numquam abbas bestia canto tenuis."